cod_loc,id_provincia,id_departamento,categoria,provincia,departamento,localidad,nombre,domicilio,piso,cp,cod_area,telefono,mail,web,latitud,longitud,tipo_latitud_longitud,fuente,tipo_gest,inicio,capacidad,sup_cubierta,sup_externa,punto_digital,espacio_incaa,año_actualizacion
6035010,6,6035,Casas de la Cultura y el Bicentenario,Buenos Aires,Avellaneda,Avellaneda,Casa del Bicentenario - Centro Cultural Hugo Caruso,Colón 449,,1870,11,42017617,,Facebook: https://www.facebook.com/CulturaMDA Instagram: https://www.instagram.com/centroculturalmercado/,-34.66319635,-58.37150182,Precisa,Programa de Casas del Bicentenario,Pública,2010,,625,100,no,no,2021
6063010,6,6063,Casas de la Cultura y el Bicentenario,Buenos Aires,Balcarce,Balcarce,Casa del Bicentenario de Balcarce,Favaloro 785,,7620,2266,424929,culturabce@gmail.com,Facebook: Casa de la Historia y la Cultura del Bicentenario Balcarce,-37.848862,-58.251605,Precisa,Programa de Casas del Bicentenario,Pública,2014,90,600,100,no,si,2021
6280010,6,6280,Casas de la Cultura y el Bicentenario,Buenos Aires,General Alvarado,Comandante Nicanor Otamendi,Viejo Hotel Sarmiento,Moreno 2277,,7603,2291,480198,centroculturalotamendi@hotmail.com,Facebook: Cultura Otamendi,-38.11305581,-57.84029989,Precisa,Programa de Casas del Bicentenario,Pública,2012,120,126,130,no,si,2021
6196010,6,6196,Casas de la Cultura y el Bicentenario,Buenos Aires,Coronel Pringles,Coronel Pringles,Casa del Bicentenario,Stegmann y Saenz Peña,,7530,,,eugeniacavallaro.cultura@gmail.com,https://www.facebook.com/MunicipiodeCoronelPringles,-37.98421019,-61.35678577,Precisa,Programa de Casas del Bicentenario,Pública,2015,120,400,30,no,no,2021
6270010,6,6270,Casas de la Cultura y el Bicentenario,Buenos Aires,Ezeiza,Ezeiza,Casa del Bicentenario,Progreso 1804,,1870,11,42953143,,,-34.85179581,-58.54855589,Precisa,Programa de Casas del Bicentenario,Pública,2010,,,,,,2021
6274010,6,6274,Casas de la Cultura y el Bicentenario,Buenos Aires,Florencio Varela,Florencio Varela,Casa del Bicentenario,Avenida Calchaquí 6200,,1888,,,,https://www.facebook.com/spytUNAJJ,-34.77607091,-58.2681235,Precisa,Programa de Casas del Bicentenario,Pública,2016,190,793,10000,no,no,2021
6483040,6,6483,Casas de la Cultura y el Bicentenario,Buenos Aires,Lobos,Lobos,Casa de la Historia y la Cultura del Bicentenario de Lobos,Emilio Castro y Belgrano,,7240,2227,431228,cultura@lobos.gov.ar,Facebook: Casa del Bicentenario Empalme Lobos,-35.15181678,-59.09920775,Precisa,Programa de Casas del Bicentenario,Pública,2014,200,474,19,no,no,2021
6280040,6,6280,Casas de la Cultura y el Bicentenario,Buenos Aires,General Alvarado,Miramar,Casa de la Historia y la Cultura del Bicentenario Miramar,Avenida 9 2501,,7607,2291,433197,,,-38.25732554,-57.84453947,Precisa,Programa de Casas del Bicentenario,Pública,2011,160,300,600,no,si,2021
6791050,6,6791,Casas de la Cultura y el Bicentenario,Buenos Aires,Tandil,Tandil,Casa de la Historia y la Cultura del Bicentenario de Tandil,Avenida Actis 1991,,7000,249,4433687,,https://www.facebook.com/bicentenario.tandil,-37.30660035,-59.10720817,Precisa,Programa de Casas del Bicentenario,Pública,2013,150,240,240,no,no,2021
6791050,6,6791,Casas de la Cultura y el Bicentenario,Buenos Aires,Tandil,Tandil,Centro Cultural Universitario de Tandil,Yrigoyen 662,,7000,249,4444555,,Facebook: Cultura UNICEN Instagram: CULTURAUNICEN,-37.32613665,-59.13850629,Precisa,Programa de Casas del Bicentenario,Pública,2012,150,4070,10,no,si,2021
6826050,6,6826,Casas de la Cultura y el Bicentenario,Buenos Aires,Trenque Lauquen,Trenque Lauquen,Casa del Bicentenario de Trenque Lauquen,Scalesse y Belgrano,,6400,,,,https://www.facebook.com/municipio.trenquelauquen/,-35.97923155,-62.72525537,Precisa,Programa de Casas del Bicentenario,Pública,2013,130,,,,,2021
10021020,10,10021,Casas de la Cultura y el Bicentenario,Catamarca,Andalgalá,Andalgalá,Casa del Bicentenario,Calle S/N,,4740,,,andalgalacultura@gmail.com,Facebook: Secretaría de Cultura Municipalidad de Andalgalá,-27.5837499,-66.30381982,Precisa,Programa de Casas del Bicentenario,Pública,,,356,100,no,no,2021
10007080,10,10007,Casas de la Cultura y el Bicentenario,Catamarca,Ambato,Las Juntas,Casa del Bicentenario,Ruta Provincial N°4,,4715,,,,Facebook: Las Juntas Catamarca Instagram: lasjuntas.catamarca,-28.09350205,-65.89801258,Precisa,Programa de Casas del Bicentenario,Pública,2017,200,350,1600,no,no,2021
10084060,10,10084,Casas de la Cultura y el Bicentenario,Catamarca,Pomán,Pomán,Casa del Bicentenario,Jorge Newbery s/n,,5315,,,,,-28.3948813,-66.2258942,Precisa,Programa de Casas del Bicentenario,Pública,2016,380,470,580,no,no,2021
10070140,10,10070,Casas de la Cultura y el Bicentenario,Catamarca,La Paz,Recreo,"Casa de la Historia y la Cultura del Bicentenario de Recreo ""Gustavo Martinez""",Avenida Néstor Kirchner y Sarmiento,,5260,,,,Facebook: Prensa y Difusión Municipalidad de Recreo,-29.279627,-65.061968,Precisa,Programa de Casas del Bicentenario,Pública,2013,204,348,56,no,no,2021
22098010,22,22098,Casas de la Cultura y el Bicentenario,Chaco,Mayor Luis J. Fontana,Coronel Du Graty,Casa de la Historia y la Cultura del Bicentenario de Coronel Du Graty,25 de Mayo y Córdoba,,3541,,,municipalidad@dugraty.com.ar,,-27.68048231,-60.91364708,Precisa,Programa de Casas del Bicentenario,Pública,2013,,,,,,2021
22049010,22,22049,Casas de la Cultura y el Bicentenario,Chaco,General Belgrano,Corzuela,Casa del Bicentenario,Salta entre Jujuy y Tucumán,,3718,,,,,-26.95936878,-60.9698263,Precisa,Programa de Casas del Bicentenario,Pública,2011,,,,,,2021
22140040,22,22140,Casas de la Cultura y el Bicentenario,Chaco,San Fernando,Fontana,Casa de la Historia y la Cultura del Bicentenario de Fontana,Avenida Alvear 4510,,3514,,,,"Facebook: Secretaria de Cultura Popular, Deportes y Turismo Social",-27.42045912,-59.0350528,Precisa,Programa de Casas del Bicentenario,Pública,2013,150,430,60,no,no,2021
22168020,22,22168,Casas de la Cultura y el Bicentenario,Chaco,25 de Mayo,Machagai,Casa del Bicentenario,Zulema C. de Morales y prolongación Uruguay,,3534,,,municipalidadmachagai@gmail.com,https://www.machagai.gob.ar/,-26.93309449,-60.05014418,Precisa,Programa de Casas del Bicentenario,Pública,2011,150,315,1600,no,no,2021
22084060,22,22084,Casas de la Cultura y el Bicentenario,Chaco,Libertador General San Martin,Pampa del Indio,Casa de la Historia y la Cultura del Bicentenario de Pampa del Indio,General San Martín  N° 210,,3531,,,,Facebook: Secretaria De Cultura - Pampa Del Indio Chaco,-26.04912967,-59.94511808,Precisa,Programa de Casas del Bicentenario,Pública,2013,200,400,800,no,no,2021
22077040,22,22077,Casas de la Cultura y el Bicentenario,Chaco,Libertad,Puerto Tirol,Casa de la Historia y la Cultura del Bicentenario de Puerto Tirol,Avenida 12 de Octubre S/N,,3505,,,areaculturaltirol@outlook.com,https://www.instagram.com/areaculturaltirol/ https://www.facebook.com/areaculturaltirol/ https://www.youtube.com/channel/UCrZvpEcjReV62dKvm-6SA6g,-27.37364855,-59.08733263,Precisa,Programa de Casas del Bicentenario,Pública,2013,200,585,845,no,no,2021
22098030,22,22098,Casas de la Cultura y el Bicentenario,Chaco,Mayor Luis J. Fontana,Villa Angela,Casa del Bicentenario,San Martín 180,,3540,,,,Facebook: Casa del Bicentenario Villa Ángela,-27.57769574,-60.71086393,Precisa,Programa de Casas del Bicentenario,Pública,2011,120,400,900,si,si,2021
26035030,26,26035,Casas de la Cultura y el Bicentenario,Chubut,Futaleufú,Esquel,Casa de la Historia y la Cultura del Bicentenario Esquel,25 De Mayo y O’Higgins,,9200,,,cineculturaesquel@gmail.com,,-42.91818465,-71.3151809,Precisa,Programa de Casas del Bicentenario,Pública,2015,,,,,,2021
26007020,26,26007,Casas de la Cultura y el Bicentenario,Chubut,Biedma,Puerto Madryn,Casa del Bicentenario - Teatro del Muelle,Avenida Guillermo Rawson 60,,9120,,,dlacunza@madryn.gob.ar,https://www.facebook.com/culturamadryn,-42.76256523,-65.03522368,Precisa,Programa de Casas del Bicentenario,Pública,2011,80,300,200,no,no,2021
2000010,2,2000,Casas de la Cultura y el Bicentenario,Ciudad Autónoma de Buenos Aires,CABA,Ciudad Autonoma de Buenos Aires,Casa Nacional del Bicentenario,Riobamba 985,,1116,11,48130301,,casadelbicentenario.gob.ar,-34.59761901,-58.39462937,Precisa,Programa de Casas del Bicentenario,Pública,,,,,,,2021
14119020,14,14119,Casas de la Cultura y el Bicentenario,Córdoba,Río Segundo,Calchin Oeste,Casa de la Historia y la Cultura del Bicentenario Calchin,Alfonsina Storni 102,,5965,,,,https://www.facebook.com/municipalidadcalchinoeste/,-31.86222314,-63.27772551,Precisa,Programa de Casas del Bicentenario,Pública,2013,150,,,,,2021
14021050,14,14021,Casas de la Cultura y el Bicentenario,Córdoba,Colón,Colonia Caroya,Casa de la Historia y la Cultura del Bicentenario de Colonia Caroya,Calle 9 y 48,,5223,3525,461187,casadelahistoria@coloniacaroya.gov.ar,Facebook: Casa de la Historia Colonia Caroya,-31.00115108,-64.0921836,Precisa,Programa de Casas del Bicentenario,Pública,2013,85,360,70,no,no,2021
14063100,14,14063,Casas de la Cultura y el Bicentenario,Córdoba,Marcos Juárez,Cruz Alta,Casa de la Historia y la Cultura del Bicentenario Cruz Alta,Córdoba entre Garibaldi y Muñoz,,4178,,,,"Facebook: Secretaría de Cultura, Educación y Deporte",-33.0081444,-61.81002392,Precisa,Programa de Casas del Bicentenario,Pública,2013,,1681,114,no,no,2021
14140270,14,14140,Casas de la Cultura y el Bicentenario,Córdoba,San Justo,Las Varillas,Casa de la Historia y la Cultura del Bicentenario Las Varillas,Dean Funes 40,,5940,3533,453306,dirculturalasvarillas@gmail.com,https://www.facebook.com/direcciondeculturalasvarillas https://www.instagram.com/dirculturalasvarillas,-31.87350372,-62.72010878,Precisa,Programa de Casas del Bicentenario,Pública,2014,150,334,154,no,no,2021
14182170,14,14182,Casas de la Cultura y el Bicentenario,Córdoba,Unión,Monte Maiz,Casa del Bicentenario,San Martín 1554,,2659,,,culturacomunitariamontemaiz@gmail.com,Facebook: Cultura Monte Maiz,-33.20421873,-62.59981388,Precisa,Programa de Casas del Bicentenario,Pública,2012,350,260,0,si,si,2021
14182180,14,14182,Casas de la Cultura y el Bicentenario,Córdoba,Unión,Morrison,Casa del Bicentenario,San Juan y José Manuel Estrada,,2568,,,munimor@nodosud.com.ar,Facebook: Municipalidad De Morrison Córdoba,-32.58976145,-62.83215073,Precisa,Programa de Casas del Bicentenario,Pública,2017,150,,,,,2021
14140330,14,14140,Casas de la Cultura y el Bicentenario,Córdoba,San Justo,Porteña,Casa del Bicentenario,Intendente Pita 550,,2415,,,,https://www.facebook.com/CulturaEnPortena https://www.instagram.com/culturaenportena https://www.youtube.com/channel/UCR9XYVCG343PTpN3NxIffYQ,-31.01509958,-62.06283547,Precisa,Programa de Casas del Bicentenario,Pública,2015,250,433,0,no,si,2021
14049100,14,14049,Casas de la Cultura y el Bicentenario,Córdoba,Ischilin,Quilino,Casa de la Historia y la Cultura del Bicentenario Quilino,Corrientes s/n Barrio Jardín,,5214,3521,498200,seccultura@quilino.gob.ar,https://www.facebook.com/MunicipalidaddeQuilinoyVillaQuilinoOficial https://twitter.com/Muniquilino https://www.instagram.com/muniquilinoyvillaquilino Canal Youtube: Municipalidad Quilino y Villa Quilino,-30.21511857,-64.49382474,Precisa,Programa de Casas del Bicentenario,Pública,2013,200,352,9000,no,no,2021
14161160,14,14161,Casas de la Cultura y el Bicentenario,Córdoba,Tercero Arriba,Tancacha,Centro Cultural Centenario de Tancacha,Boulevard Poeta Lugones y Moreno,,5933,3571,461101,cultura@tancacha.gov.ar,,-32.23886709,-63.98560884,Precisa,Programa de Casas del Bicentenario,Pública,2012,,,,,,2021
14007310,14,14007,Casas de la Cultura y el Bicentenario,Córdoba,Calamuchita,Villa General Belgrano,Casa del Bicentenario,Los Manantiales 35,,5194,,,bicentenariovgb@gmail.com,Facebook: Cultura VGB,-31.97736911,-64.56058326,Precisa,Programa de Casas del Bicentenario,Pública,2011,200,800,400,no,no,2021
18007010,18,18007,Casas de la Cultura y el Bicentenario,Corrientes,Bella Vista,Bella Vista,Casa de la Historia y la Cultura del Bicentenario Ñande Roga,Salta 880,,3432,,,cultura@bellavista.gob.ar,https://www.facebook.com/munibellavista,-28.50804548,-59.04226102,Precisa,Programa de Casas del Bicentenario,Pública,2013,100,2500,0,no,no,2021
18021020,18,18021,Casas de la Cultura y el Bicentenario,Corrientes,Capital,Corrientes,Casa de la Historia y la Cultura del Bicentenario Corrientes,Avenida Laprida y Alfonsín,,3400,379,4484685,,Facebook: Casa del Bicentenario Corrientes,-27.4756329,-58.78876016,Precisa,Programa de Casas del Bicentenario,Pública,2013,,,,,,2021
18035020,18,18035,Casas de la Cultura y el Bicentenario,Corrientes,Curuzú Cuatiá,Curuzu Cuatia,Casa del Bicentenario,Fernando Irastorza 1535,,3460,3774,551579,culturayturismocuruzu@gmail.com,Facebook: Cultura Curuzú Instagram: curuzucultura YouTube: Cultura Curuzú TikTok: culturacuruzu,-29.78725081,-58.06612144,Precisa,Programa de Casas del Bicentenario,Pública,2010,90,351,2000,no,no,2021
18042020,18,18042,Casas de la Cultura y el Bicentenario,Corrientes,Empedrado,Empedrado,Casa del Bicentenario,Sarmiento 350,,3418,,,,,-27.95065939,-58.80671242,Precisa,Programa de Casas del Bicentenario,Pública,2015,,,,,,2021
18168030,18,18168,Casas de la Cultura y el Bicentenario,Corrientes,Santo Tomé,Gobernador Igr. Valentin Virasoro,Casa de la Historia y la Cultura del Bicentenario de Gobernador Virasoro,Lindolfo Sanz  y Juan Manuel Vidal,,3342,,,,,-28.05650577,-56.01450783,Precisa,Programa de Casas del Bicentenario,Pública,2013,200,348,1000,no,no,2021
18070020,18,18070,Casas de la Cultura y el Bicentenario,Corrientes,Goya,Goya,Casa del Bicentenario,Avenida Neustadt 110,,3450,,,dirculturagoya@gmail.com,,-29.15726197,-59.25873355,Precisa,Programa de Casas del Bicentenario,Pública,2016,,282,100,no,no,2021
18112050,18,18112,Casas de la Cultura y el Bicentenario,Corrientes,Monte Caseros,Monte Caseros,Casa de la Historia y Cultura del Bicentenario de Monte Caseros,Pellegrini y Mendieta,,3220,,,direcciondeculturamc2020@gmail.com,https://www.facebook.com/turismoculturaydeportesmc,-30.24941402,-57.63271853,Precisa,Programa de Casas del Bicentenario,Pública,2011,270,1000,0,no,no,2021
18035030,18,18035,Casas de la Cultura y el Bicentenario,Corrientes,Curuzú Cuatiá,Perugorria,Casa del Bicentenario,Genaro Perugorria 98,,3461,,,culturaperugorria@gmail.com,,-29.3405167,-58.60404553,Precisa,Programa de Casas del Bicentenario,Pública,2012,80,,,,,2021
18126010,18,18126,Casas de la Cultura y el Bicentenario,Corrientes,Saladas,Saladas,Casa del Bicentenario,Coronel Bogado S/N,,3420,,,culturamunisaladas@gmail.com,Facebook: Cultura Saladas,-28.26243514,-58.6522439,Precisa,Programa de Casas del Bicentenario,Pública,2016,,360,35,no,no,2021
18175010,18,18175,Casas de la Cultura y el Bicentenario,Corrientes,Sauce,Sauce,Casa de la Historia y la Cultura del Bicentenario de Sauce,Belgrano y Primera Junta,,3463,,,secretariadecultura.sauce@gmail.com,,-30.08854174,-58.78865966,Precisa,Programa de Casas del Bicentenario,Pública,2013,100,300,50,no,no,2021
30077010,30,30077,Casas de la Cultura y el Bicentenario,Entre Ríos,Nogoyá,Aranguren,Casa de la Historia y la Cultura del Bicentenario Aranguren,Avenida San Martín 465,,3162,3436,498035,culturayeducacion@aranguren.gob.ar,Facebook: Municipalidad de Aranguren Instagram: @muniaranguren.,-32.24367078,-60.16121977,Precisa,Programa de Casas del Bicentenario,Pública,2014,200,348,12,no,si,2021
30008020,30,30008,Casas de la Cultura y el Bicentenario,Entre Ríos,Colón,Colon,Casa de la Historia y la Cultura del Bicentenario Colon,Boulevard Gaillard 179,,3280,,,bicentenario@colon.gov.ar,,-32.21492786,-58.14173853,Precisa,Programa de Casas del Bicentenario,Pública,2015,200,,,no,no,2021
30015060,30,30015,Casas de la Cultura y el Bicentenario,Entre Ríos,Concordia,Concordia,Casa de la Historia y la Cultura del Bicentenario Concordia,Moulins 1779,,3200,,,casabicentenarioconcordia@gmail.com,https://www.facebook.com/CasadelBicentenarioConcordia https://www.instagram.com/casadelbicentenariocdia/ https://www.youtube.com/channel/UC6LH0wwRIhKz7jG5ZgRDBiAhttp://expresionesdelbicentenario.com,-31.37289339,-58.04951654,Precisa,Programa de Casas del Bicentenario,Pública,2013,250,348,1200,si,no,2021
30088010,30,30088,Casas de la Cultura y el Bicentenario,Entre Ríos,San Salvador,General Campos,Casa de la Historia y la Cultura del Bicentenario General Campos,Herminio Quiróz y 9 de Julio,,3216,,,generalcamposcultura@gmail.com,https://www.facebook.com/culturageneralcampos https://www.instagram.com/culturageneralcampos/ https://twitter.com/culturagcampos,-31.5260876,-58.40524184,Precisa,Programa de Casas del Bicentenario,Pública,2015,120,300,240,no,no,2021
30008090,30,30008,Casas de la Cultura y el Bicentenario,Entre Ríos,Colón,San José,Casa de la Historia y la Cultura del Bicentenario Villa San José,San Martin 1171,,2741,,,cultura@sanjose.gob.ar,https://www.facebook.com/SJCultura,-32.21168973,-58.21802198,Precisa,Programa de Casas del Bicentenario,Pública,2014,130,0,0,no,si,2021
30042010,30,30042,Casas de la Cultura y el Bicentenario,Entre Ríos,Feliciano ,San José de Feliciano,Casa de la Historia y la Cultura del Bicentenario San José de Feliciano,Sarmiento 50,,3187,,,culturanoduerme@hotmail.com,Facebook: Casa del Bicentenario Cultura Feliciano Instagram: Cultura Feliciano,-30.38544714,-58.75107835,Precisa,Programa de Casas del Bicentenario,Pública,2014,200,335,275,no,si,2021
30088020,30,30088,Casas de la Cultura y el Bicentenario,Entre Ríos,San Salvador,San Salvador,Casa del Bicentenario,Luis Reilen S/N,,3218,345,4910035,municipalidad@sansalvadorer.gov.ar,https://www.facebook.com/sansalvadorer.cultura,-31.62288565,-58.51513441,Precisa,Programa de Casas del Bicentenario,Pública,2016,120,443,300,si,si,2021
38042040,38,38042,Casas de la Cultura y el Bicentenario,Jujuy,Palpalá,Palpalá,Casa del Bicentenario,Avenida del Congreso y Río Chubut,,4612,388,4051958,casadelaculturapalpala@gmail.com,https://www.facebook.com/DireccionDeCultura.Palpala,-24.25917857,-65.21677887,Precisa,Programa de Casas del Bicentenario,Pública,2012,100,348,500,no,no,2021
38063180,38,38063,Casas de la Cultura y el Bicentenario,Jujuy,San Pedro,San Pedro,Casa del Bicentenario,Sarmiento 356,,4500,3888,424389,balletsanpedro@hotmail.com,https://www.facebook.com/MunicipalidadSanPedrodeJujuy www.sanpedrodejujuy.gob.ar,-24.23261985,-64.86672359,Precisa,Programa de Casas del Bicentenario,Pública,2011,155,681,0,no,no,2021
38021060,38,38021,Casas de la Cultura y el Bicentenario,Jujuy,Dr. Manuel Belgrano,San Salvador de Jujuy,Casa de la Historia y la Cultura del Bicentenario Barrio Alto Comedero,Avenida Carlos Snopek y Pampa Blanca,,4600,,,,https://www.facebook.com/casaculturalJorgeCafruneJujuy/,-24.24853089,-65.26499016,Precisa,Programa de Casas del Bicentenario,Pública,2012,150,1200,1000,si,no,2021
38014040,38,38014,Casas de la Cultura y el Bicentenario,Jujuy,El Carmen,El Carmen,Casa del Bicentenario,Avenida 9 de Julio y Presidente Perón,,4603,,,diculturaelcarmen@gmail.com,https://www.facebook.com/diculturaelcarmen,-24.3871786,-65.25666978,Precisa,Programa de Casas del Bicentenario,Pública,2016,200,300,600,no,si,2021
42126010,42,42126,Casas de la Cultura y el Bicentenario,La Pampa,Rancul,Caleufú,Casa de la Historia y la Cultura del Bicentenario de Caleufu,San Martín 315,,6387,,,,,-35.59495995,-64.55984943,Precisa,Programa de Casas del Bicentenario,Pública,2013,120,,,,,2021
42070030,42,42070,Casas de la Cultura y el Bicentenario,La Pampa,Guatraché,Guatraché,Casa del Bicentenario,Brown 298,,6311,2924,492791,oficinaturismoguatrache@gmail.com,,-37.67022292,-63.53137909,Precisa,Programa de Casas del Bicentenario,Pública,2011,,300,150,no,no,2021
42028030,42,42028,Casas de la Cultura y el Bicentenario,La Pampa,Catriló,Lonquimay,Casa de la Cultura y la Historia del Bicentenario,Bordarampe y 25 de Mayo,,6352,2954,494368,,Instagram: municipalidaddelonquimay,-36.46686535,-63.62329398,Precisa,Programa de Casas del Bicentenario,Pública,2017,,655,0,no,no,2021
42126070,42,42126,Casas de la Cultura y el Bicentenario,La Pampa,Rancul,Rancul,Casa de la Historia y la Cultura del Bicentenario de Rancul,Malvinas Argentina 432,,6214,,,culturayturismo.rancul@gmail.com,https://www.facebook.com/muniderancul,-35.07518124,-64.6831246,Precisa,Programa de Casas del Bicentenario,Pública,2013,150,,,,,2021
42021020,42,42021,Casas de la Cultura y el Bicentenario,La Pampa,Capital,Santa Rosa,Casa del Bicentenario,Avenida San Martín oeste y Stieben,,4452,2954,434568,secretariacultura@santarosa.gob.ar,https://www.facebook.com/direcciondeeducacionsantarosa/,-36.62077773,-64.30413327,Precisa,Programa de Casas del Bicentenario,Pública,2011,60,348,324,no,no,2021
42140020,42,42140,Casas de la Cultura y el Bicentenario,La Pampa,Toay,Toay,Casa de la Historia y la Cultura del Bicentenario de Toay,Avenida 13 de Caballería 750,,6303,2954,381996,culturatoay@hotmail.com.ar,Facebook: Cultura Toay,-36.67332008,-64.37055201,Precisa,Programa de Casas del Bicentenario,Pública,2014,120,120,200,si,si,2021
42098050,42,42098,Casas de la Cultura y el Bicentenario,La Pampa,Loventue,Victorica,Pueblo Ranquel,Avenida Agustin Borthiry y Calle 1 ,,1644,,,culturaturismo-vic@outlook.com,https://www.facebook.com/culturavictorica,-36.21723778,-65.4219663,Precisa,Programa de Casas del Bicentenario,Pública,2012,150,426,500,no,no,2021
46084030,46,46084,Casas de la Cultura y el Bicentenario,La Rioja,General Ocampo,Milagro,Casa del Bicentenario,Avenida 25 de Mayo y San Martín,,5275,,,,,-31.00860771,-65.99313185,Precisa,Programa de Casas del Bicentenario,Pública,2010,130,,,,,2021
46021050,46,46021,Casas de la Cultura y el Bicentenario,La Rioja,Castro Barros,Los Molinos,Casa de la Historia y la Cultura del Bicentenario Los Molinos,Calle publica S/N,,5276,,,,,-28.7428598,-66.9334498,Precisa,Programa de Casas del Bicentenario,Pública,2013,,494,0,no,si,2021
50035030,50,50035,Casas de la Cultura y el Bicentenario,Mendoza,Junín,La Colonia,Casa del Bicentenario,Neuquén 75,,5570,,,casadelbicentenario@juninmendoza.gov.ar,https://www.facebook.com/JuninMunicipio/  https://www.instagram.com/munijuninmdz/ https://twitter.com/MuniJuninMdz YouTube: Prensa Municipalidad de Junín,-33.09373624,-68.47718886,Precisa,Programa de Casas del Bicentenario,Pública,2016,200,624,315,no,no,2021
50056160,50,50119,Casas de la Cultura y el Bicentenario,Mendoza,Lavalle,Villa Tulumaya,Casa del Bicentenario “Juanita Vera”,Fleming  S/N,,5533,,,,Facebook: Dirección de Cultura de Lavalle YouTube: Dirección de Cultura y Turismo de Lavalle,-32.72140618,-68.60145486,Precisa,Programa de Casas del Bicentenario,Pública,2013,200,334,0,no,si,2021
54014010,54,54014,Casas de la Cultura y el Bicentenario,Misiones,Cainguas,Aristobulo del Valle,Casa del Bicentenario,Mariano Moreno 985,,3364,,,cultura@aristobulo.gob.ar,Facebook: Adel Valle Cultura,-27.09718214,-54.89589956,Precisa,Programa de Casas del Bicentenario,Pública,2011,100,462,159,no,si,2021
54091030,54,54091,Casas de la Cultura y el Bicentenario,Misiones,Oberá,Campo Viera,Casa del Bicentenario,Avenida del Te y Sarmiento,,3362,,,,,-27.33421681,-55.05166824,Precisa,Programa de Casas del Bicentenario,Pública,2017,,,,,,2021
54077010,54,54077,Casas de la Cultura y el Bicentenario,Misiones,Libertador Grl. San Martín ,Capiovi,Casa del Bicentenario,Avda Padre Juan May y Guayca,,3332,,,,Facebook: Capioví Gestión Municipal,-26.9349573,-55.05440174,Precisa,Programa de Casas del Bicentenario,Pública,,120,,,,,2021
54063040,54,54063,Casas de la Cultura y el Bicentenario,Misiones,Iguazú,Colonia Wanda,Casa del Bicentenario,Reconquista y Mborore,,3376,,,,,-25.9676587,-54.5621833,Precisa,Programa de Casas del Bicentenario,Pública,,,,,,,2021
54070070,54,54070,Casas de la Cultura y el Bicentenario,Misiones,Leandro N. Alem,Leandro N. Alem,Casa de la Historia y la Cultura del Bicentenario de Leandro N. Alem,Sarmiento 75,,3315,,,culturalem@hotmail.com,,-27.60476427,-55.32319855,Precisa,Programa de Casas del Bicentenario,Pública,2013,,,,,,2021
54084030,54,54084,Casas de la Cultura y el Bicentenario,Misiones,Montecarlo,Montecarlo,Casa del Bicentenario,Aguaribayes esquina Avenida 9 de Julio,,3384,,,culturamontecarlo@gmail.com,Facebook: Cultura Montecarlo Instagram: turismoyculturamontecarlo ,-26.567996,-54.77292608,Precisa,Programa de Casas del Bicentenario,Pública,2010,180,500,0,no,si,2021
54091080,54,54091,Casas de la Cultura y el Bicentenario,Misiones,Oberá,Obera,Casa del Bicentenario,Larrea esquina Jose Ingenieros S/N,,3360,,,,Facebook: Casa Del Bicentenario Obera Obera Misiones,-27.48297076,-55.12121628,Precisa,Programa de Casas del Bicentenario,Pública,2011,300,710,0,si,no,2021
54028030,54,54028,Casas de la Cultura y el Bicentenario,Misiones,Capital,Posadas,Casa del Bicentenario,Avenida 147 N°8384,,3300,376,4401561,casadelbicentenarioposadas@hotmail.com,Facebook: Casa De La Historia Y La Cultura Del Bicentenario Posadas,-27.41445508,-55.95626444,Precisa,Programa de Casas del Bicentenario,Pública,2014,150,100,10,no,si,2021
54056030,54,54056,Casas de la Cultura y el Bicentenario,Misiones,Guaraní,San Vicente,Casa de la Historia y la Cultura del Bicentenario de San Vicente,Avenida Libertador y Guemes,,3364,,,,https://www.facebook.com/culturasanvicente2020,-26.9959633,-54.48288566,Precisa,Programa de Casas del Bicentenario,Pública,2014,,450,1000,si,si,2021
54098120,54,54098,Casas de la Cultura y el Bicentenario,Misiones,San Ignacio,Santo Pipo,Casa de la Historia y la Cultura del Bicentenario de Santo Pipo,Avenida Alberto Roth S/N,,3326,,,culturasantopipo@outlook.com,Facebook: Muni Santo Pipo Instagram: munidesantopipo Twitter: @munisantopipo,-27.14330355,-55.40997145,Precisa,Programa de Casas del Bicentenario,Pública,2014,120,476,0,no,si,2021
58035030,58,58035,Casas de la Cultura y el Bicentenario,Neuquén,Confluencia,Centenario,Casa del Bicentenario,Jamaica y Ruta Provincial N°7,,8309,,,sec_culturayturismo@hotmail.com,https://www.facebook.com/CulturaCentenario Instagram: Cultura Centenario YouTube: Cultura Centenario,-38.82330555,-68.13339502,Precisa,Programa de Casas del Bicentenario,Pública,2013,130,700,1000,no,si,2021
58049010,58,58049,Casas de la Cultura y el Bicentenario,Neuquén,Huiliches,Junin de los Andes,Casa del Bicentenario,Ginés Ponte 390,,8371,,,lasvocesdellanin@hotmail.com,Facebook: Junin de los Andes Gobierno Municipal,-39.95255339,-71.07117461,Precisa,Programa de Casas del Bicentenario,Pública,2016,120,300,0,no,si,2021
58091040,58,58091,Casas de la Cultura y el Bicentenario,Neuquén,Pehuenches,Rincón de los Sauces,Casa del Bicentenario,Avenida 20 de diciembre y Pte. Perón,,8319,,,gabriela.gomez.rdls@hotmail.com,,-37.38984923,-68.92328724,Precisa,Programa de Casas del Bicentenario,Pública,2016,99,,,,,2021
62021030,62,62021,Casas de la Cultura y el Bicentenario,Río Negro,Bariloche,El Bolson,Casa de la Historia y la Cultura del Bicentenario El Bolson,General Roca 644,,4715,294,4483510,casadelaculturaelbolson@gmail.com,Facebook: Cultura El Bolsón Instagram: culturaelbolson19,-41.96421988,-71.53199881,Precisa,Programa de Casas del Bicentenario,Pública,2015,150,550,0,no,no,2021
62014080,62,62014,Casas de la Cultura y el Bicentenario,Río Negro,Avellaneda,Luis Beltran,Casa de la Historia y la Cultura del Bicentenario Luis Beltran,French y Villa Galense,,8361,,,mdobeltran@hotmail.com.ar ,Facebook: Beltrán Cultura,-39.31689479,-65.75298178,Precisa,Programa de Casas del Bicentenario,Pública,2015,,20,0,no,no,2021
62077010,62,62077,Casas de la Cultura y el Bicentenario,Río Negro,San Antonio,Las Grutas,Casa del Bicentenario,Allen y Viedma,,8520,2920,472153,cultura@sanantoniooeste.gov.ar,https://www.facebook.com/CulturaSao/,-40.81128612,-65.08865359,Precisa,Programa de Casas del Bicentenario,Pública,2011,150,684,276,no,no,2021
62049050,62,62049,Casas de la Cultura y el Bicentenario,Río Negro,Nueve de Julio,Sierra Colorada,Casa del Bicentenario,Martin Alberdi y Monseñor Esandi,,8534,,,,,-40.5848218,-67.75812771,Precisa,Programa de Casas del Bicentenario,Pública,2017,120,80,30,no,si,2021
66028050,66,66028,Casas de la Cultura y el Bicentenario,Salta,Capital,Salta,Casa del Bicentenario,Avenida Independencia 910,,4400,,,,https://municipalidadsalta.gob.ar/,-24.80833363,-65.40365787,Precisa,Programa de Casas del Bicentenario,Pública,2012,200,500,1000,no,no,2021
66126070,66,66126,Casas de la Cultura y el Bicentenario,Salta,Orán,San Ramon de la Nueva Orán,Casa de la Historia y la Cultura del Bicentenario de Oran,Hipólito Irigoyen y Belgrano,,4530,3878,417674,culturaoran@gmail.com,,-23.12780578,-64.32039522,Precisa,Programa de Casas del Bicentenario,Pública,2014,,471,0,no,no,2021
70007010,70,70007,Casas de la Cultura y el Bicentenario,San Juan,Albardón,Villa General San Martín,Casa de la Historia y la Cultura y del Bicentenario de Albardon,Avenida Sarmiento 1333,,5419,,,,Facebook: Casa de la Historia y la Cultura - Albardón,-31.43920966,-68.51468999,Precisa,Programa de Casas del Bicentenario,Pública,2013,200,543,450,no,si,2021
70056080,70,70056,Casas de la Cultura y el Bicentenario,San Juan,Jachal,San Jose de Jachal,Casa del Bicentenario,Vicuña Larrain y Chubut,,5460,,,dcultura@municipiodejachal.gob.ar ,Facebook: Cultura Jachal,-30.2449154,-68.73270368,Precisa,Programa de Casas del Bicentenario,Pública,2012,150,391,1920,no,si,2021
70098010,70,70098,Casas de la Cultura y el Bicentenario,San Juan,Santa Lucía,Santa Lucía,Casa de la Historia y la Cultura de Santa Lucia,Hipólito Yrigoyen Este 4091,,5411,,,,Facebook: Municipalidad de la Ciudad de Santa Lucía,-31.54888015,-68.47781746,Precisa,Programa de Casas del Bicentenario,Pública,2013,120,,,,,2021
74049060,74,74049,Casas de la Cultura y el Bicentenario,San Luis,Junín ,Merlo,Casa del Bicentenario,Avenida de los Incas y Pasaje El Viejo Molino,,5881,2656,407461,culturavillademerlo@gmail.com,Facebook: Casa de la Historia y de la Cultura del Bicentenario- Villa de Merlo,-32.31842861,-65.00534866,Precisa,Programa de Casas del Bicentenario,Pública,2011,,426,35,no,no,2021
82056030,82,82056,Casas de la Cultura y el Bicentenario,Santa Fe,Iriondo,Cañada de Gomez,Casa del Bicentenario,Quintana 10 ,,2500,,,culturamcg@gmail.com,https://www.facebook.com/CasaDelBicentenarioDeCanadaDeGomez https://www.instagram.com/culturamcg/ YouTube: cultura mcg,-32.82037424,-61.4011774,Precisa,Programa de Casas del Bicentenario,Pública,2011,200,311,430,si,no,2021
82119030,82,82119,Casas de la Cultura y el Bicentenario,Santa Fe,San Lorenzo,Carcarana,Casa del Bicentenario,9 de julio 522,,2138,341,4943367,casadelbicentenario@carcarania.gob.ar,https://www.facebook.com/culturacarca https://www.instagram.com/culturacarca,-32.85836983,-61.14405149,Precisa,Programa de Casas del Bicentenario,Pública,2010,140,413,0,no,no,2021
82126070,82,82126,Casas de la Cultura y el Bicentenario,Santa Fe,San Martín,El Trébol,Casa de la Historia y la Cultura del Bicentenario de El Trebol,Rosario 780,,2535,,,direcciondeculturaeltrebol@gmail.com,,-32.19867076,-61.70183714,Precisa,Programa de Casas del Bicentenario,Pública,2013,100,406,505,no,si,2021
82119050,82,82119,Casas de la Cultura y el Bicentenario,Santa Fe,San Lorenzo,Fray Luis Beltrán,Casa de la Historia y la Cultura del Bicentenario de Fray Luis Beltran,Sarmiento 1133,,2156,,,gobierno@frayluisbeltran.gov.ar,Facebook: Bicentenario Fray Luis Beltran,-32.79108613,-60.72571421,Precisa,Programa de Casas del Bicentenario,Pública,2013,84,280,50,no,no,2021
82105130,82,82105,Casas de la Cultura y el Bicentenario,Santa Fe,San Jerónimo,Galvez,Casa de la Historia y la Cultura del Bicentenario de Galvez,Boulevard Pasteur 456,,2252,,,chcb@galvez.gov.ar,https://www.facebook.com/chcb.galvez,-32.03138514,-61.22450399,Precisa,Programa de Casas del Bicentenario,Pública,2013,200,656,0,no,si,2021
82084160,82,82084,Casas de la Cultura y el Bicentenario,Santa Fe,Rosario,Granadero Baigorria,Casa del Bicentenario,Constancio C. Vigil 550,,2152,,,centrocultural@baigorria.gob.ar,www.facebook.com/gestion.baigorria www.instagram.com/munibaigorria,-32.85024315,-60.70084701,Precisa,Programa de Casas del Bicentenario,Pública,2011,250,0,0,no,no,2021
82063080,82,82063,Casas de la Cultura y el Bicentenario,Santa Fe,La Capital,Laguna Paiva,Casa del Bicentenario,Avenida Baranosky y Fuentes,,3020,,,cultura@lagunapaiva.gob.ar,https://www.facebook.com/culturapaiva,-31.30023899,-60.67243512,Precisa,Programa de Casas del Bicentenario,Pública,2016,150,290,3000,no,no,2021
82007030,82,82007,Casas de la Cultura y el Bicentenario,Santa Fe,Belgrano,Las Parejas,Casa de la Historia y la Cultura del Bicentenario: Heraldo Bocha Mansilla,Calle 14 981,,2505,,,,Facebook: casa del bicentenario las parejas ok,-32.68142434,-61.52276862,Precisa,Programa de Casas del Bicentenario,Pública,2013,250,510,804,no,no,2021
82049150,82,82049,Casas de la Cultura y el Bicentenario,Santa Fe,General Obligado,Malabrigo,Casa de la Historia y la Cultura del Bicentenario de Malabrigo,Chaco 754,,3572,,,cultura@malabrigo.gob.ar,Facebook: Gobierno de Malabrigo Instagram: gobmalabrigo Twitter: @GobMalabrigo Youtube: Gobierno de Malabrigo,-29.34239824,-59.96632172,Precisa,Programa de Casas del Bicentenario,Pública,2013,200,405,0,no,no,2021
82021250,82,82021,Casas de la Cultura y el Bicentenario,Santa Fe,Castellanos,Maria Juana,Casa de la Historia y la Cultura del Bicentenario de Maria Juana,Santa Fé 380,,2445,,,culturamariajuana@gmail.com,Facebook: Área De Cultura María Juana Instagram: areadeculturamariajuana,-31.67376805,-61.75207079,Precisa,Programa de Casas del Bicentenario,Pública,2014,120,348,120,no,no,2021
82119080,82,82119,Casas de la Cultura y el Bicentenario,Santa Fe,San Lorenzo,Puerto General San Martin,Casa del Bicentenario,Córdoba 1152,,2202,,,cultura@mpgsm.gov.ar,,-32.71626393,-60.73883996,Precisa,Programa de Casas del Bicentenario,Pública,2011,168,,,,,2021
82049180,82,82049,Casas de la Cultura y el Bicentenario,Santa Fe,General Obligado,Reconquista,Complejo Cultural La Estación,Avenida Belgrano y Avenida España,,3560,,,casadelbicentenario@reconquista.gov.ar,Facebook: Casa Del Bicentenario. Ciudad De Reconquista,-29.15474507,-59.64741569,Precisa,Programa de Casas del Bicentenario,Pública,2011,,250,500,no,si,2021
82063140,82,82063,Casas de la Cultura y el Bicentenario,Santa Fe,La Capital,Recreo,Casa de la Historia y la Cultura del Bicentenario de Recreo,J.R. Aldao 950,,3018,,,cultura@recreo.gob.ar,Facebook: Prensa y Difusión Municipalidad de Recreo,-31.49235115,-60.73573358,Precisa,Programa de Casas del Bicentenario,Pública,2011,156,348,56,no,no,2021
82119110,82,82119,Casas de la Cultura y el Bicentenario,Santa Fe,San Lorenzo,Roldan,Casa de la Historia y la Cultura del Bicentenario de Roldan,Estanislao López 643,,2134,,,somosculturaroldan@gmail.com,https://www.facebook.com/culturaroldan,-32.89835145,-60.9061316,Precisa,Programa de Casas del Bicentenario,Pública,2013,240,960,0,no,no,2021
82063170,82,82063,Casas de la Cultura y el Bicentenario,Santa Fe,La Capital,Santa Fe,Mercado Progreso,Balcarce 1635,,3000,,,,https://www.facebook.com/SantaFeCapitalok https://www.santafeciudad.gov.ar/capitalcultural/,-31.63885786,-60.69309743,Precisa,Programa de Casas del Bicentenario,Pública,2013,50,91,0,no,no,2021
82063180,82,82063,Casas de la Cultura y el Bicentenario,Santa Fe,La Capital,Santo Tomé,Complejo Cultural La Estación,25 de mayo 1940,,3016,,,culturatome@yahoo.com.ar,,-31.66462935,-60.76273308,Precisa,Programa de Casas del Bicentenario,Pública,2011,477,,,,,2021
82021360,82,82021,Casas de la Cultura y el Bicentenario,Santa Fe,Castellanos,Sunchales,Casa de la Historia y la Cultura del Bicentenario de Sunchales,Pasteur y Rotania,,2322,,,cultura@sunchales.gov.ar,https://www.facebook.com/municipalidadsunchales/,-30.947908,-61.55652759,Precisa,Programa de Casas del Bicentenario,Pública,2013,120,170,0,no,no,2021
82042290,82,82042,Casas de la Cultura y el Bicentenario,Santa Fe,General Lopez,Venado Tuerto,Casa de la Historia y la Cultura del Bicentenario de Venado Tuerto,2 de Abril y Cabral,,2600,,,secretariatydc@venadotuerto.gob.ar,https://www.facebook.com/territorialidadycultura,-33.75461835,-61.9555619,Precisa,Programa de Casas del Bicentenario,Pública,2015,200,500,2000,no,no,2021
86063040,86,86063,Casas de la Cultura y el Bicentenario,Santiago del Estero,Choya,Frias,Casa del Bicentenario,Granaderos de San Martin 50,,4230,3854,422342,,Facebook: Municipalidad De Frias,-28.63852409,-65.129528,Precisa,Programa de Casas del Bicentenario,Pública,2012,580,1152,430,no,si,2021
86161040,86,86161,Casas de la Cultura y el Bicentenario,Santiago del Estero,Robles,Ingeniero Forres,Casa de la Historia y la Cultura del Bicentenario de Forres,Francisco de Aguirre entre Soler y Hernandez,,4312,,,,Facebook: Casa De La Cultura Forres Instagram: casadelaculturaforres,-27.87424438,-63.97718361,Precisa,Programa de Casas del Bicentenario,Pública,2013,200,348,0,no,no,2021
86035090,86,86035,Casas de la Cultura y el Bicentenario,Santiago del Estero,Banda,La Banda,Casa del Bicentenario,Avenida Besares 612,,4300,385,4279187,,https://www.facebook.com/casadel.bicentenario.56,-27.73471499,-64.23702501,Precisa,Programa de Casas del Bicentenario,Pública,2011,120,675,50,no,no,2021
86049110,86,86049,Casas de la Cultura y el Bicentenario,Santiago del Estero,Capital,Santiago del Estero,Casa de la Historia y la Cultura del Bicentenario Santiago del Estero,Olaechea y Mendoza,,4200,385,4283047,,https://www.facebook.com/casadelbicentenariosgo,-27.78864712,-64.25036162,Precisa,Programa de Casas del Bicentenario,Pública,2011,120,,,,,2021
86147130,86,86147,Casas de la Cultura y el Bicentenario,Santiago del Estero,Rio Hondo,Termas de Rio Hondo,Casa de la Historia y la Cultura del Bicentenario Termas de Rio Hondo,Libertad 285,,4220,,,,www.municipalidaddelastermasderiohondo.gov.ar ,-27.50221817,-64.86471161,Precisa,Programa de Casas del Bicentenario,Pública,2013,150,700,200,no,si,2021
86126030,86,86126,Casas de la Cultura y el Bicentenario,Santiago del Estero,Ojo de Agua,Villa Ojo de Agua,Casa del Bicentenario,Sarmiento entre Lugones y Juan Domingo Peron,,5250,,,,,-29.5010163,-63.69556521,Precisa,Programa de Casas del Bicentenario,Pública,2012,80,372,372,no,si,2021
90021050,90,90021,Casas de la Cultura y el Bicentenario,Tucumán,Chicligasta,Concepcion,Casa del Bicentenario,Heredia e Italia,,4146,3865,649131,cultura@concepcion.gob.ar,https://www.facebook.com/direcciondeculturaconcepcion,-27.34458955,-65.58805315,Precisa,Programa de Casas del Bicentenario,Pública,2011,155,550,300,no,no,2021
90084010,90,90084,Casas de la Cultura y el Bicentenario,Tucumán,Capital,San Miguel de Tucuman,Casa del Bicentenario,Avenida Adolfo de la Vega 505,,4000,381,4527733,,Facebook: Casa del Bicentenario SMT,-26.82807783,-65.25317051,Precisa,Programa de Casas del Bicentenario,Pública,2012,150,500,2400,no,no,2021
90105080,90,90105,Casas de la Cultura y el Bicentenario,Tucumán,Tafí Viejo,Tafí Viejo,Casa del Bicentenario,Avenida Alem 755,,4103,381,4618480,municiptv.culturas@gmail.com,https://www.facebook.com/secretariadeculturas/,-26.72946855,-65.2630309,Precisa,Programa de Casas del Bicentenario,Pública,2013,95,591,37,no,si,2021
90119030,90,90119,Casas de la Cultura y el Bicentenario,Tucumán,Yerba Buena,Yerba Buena - Marcos Paz,Casa del Bicentenario,Las Higueritas 1850,,4107,381,4259386,cultura@yerbabuena.gob.ar,https://www.facebook.com/CulturaYB/ https://www.instagram.com/ybcultura/,-26.80450341,-65.29399746,Precisa,Programa de Casas del Bicentenario,Pública,2011,180,360,7200,no,no,2021
62091050,62,62091,Casas de la Cultura y el Bicentenario,Río Negro,25 de Mayo,Ingeniero Jacobacci,Casa de la Historia y la Cultura del Bicentenario Ingeniero Jacobacci,Julio Roca y Padre Paco,,8418,,,,https://www.facebook.com/culturaingjacobacci/,-41.3298127,-69.53973178,Precisa,Programa de Casas del Bicentenario,Pública,,200,273,215,no,no,2021
18168040,18,18168,Casas de la Cultura y el Bicentenario,Corrientes,Santo Tomé,Santo Tomé,Casa de la Historia y la Cultura del Bicentenario,San Martín y Victor Navajas,,3340,,,,https://www.facebook.com/municipalidadsantotome,-28.55074803,-56.03439092,Precisa,Programa de Casas del Bicentenario,Pública,,,560,567,no,no,2021
34021060,34,34021,Casas de la Cultura y el Bicentenario,Formosa,Laishi,Villa Escolar,Casa del Bicentenario,Luciano Leguizamón s/n,,3526,,,,,-26.62760078,-58.66765717,Precisa,Programa de Casas del Bicentenario,Pública,,,510,255,no,no,2021
46112010,46,46112,Casas de la Cultura y el Bicentenario,La Rioja,Rosario Vera Peñaloza,Chepes,Multiespacio Audiovisual Luis Oviedo,Avenida San Martín entre Castro Barros y Alberdi,,5470,,,,https://www.facebook.com/Culturayceremonial,-31.3416338,-66.5930537,Precisa,Programa de Casas del Bicentenario,Pública,,,430,1100,no,si,2021
62021060,62,62021,Casas de la Cultura y el Bicentenario,Río Negro,Bariloche,San Carlos de Bariloche,Casa del Bicentenario,Onelli esquina Sobral,,8400,,,,https://www.facebook.com/corojuvenilmunicipalbariloche/,-41.15519929,-71.30077255,Precisa,Programa de Casas del Bicentenario,Pública,,,154,0,no,no,2021
82056020,82,82056,Casas de la Cultura y el Bicentenario,Santa Fe,Iriondo,Bustinza,Casa de la Historia y la Cultura del Bicentenario,Avenida Camino de la Posta entre Alberdi y Storni,,2504,,,,www.facebook.com/comunadebustinza Instagram: comunadebustinza,-32.73716492,-61.29385336,Precisa,Programa de Casas del Bicentenario,Pública,,,370,3000,no,no,2021
82091060,82,82091,Casas de la Cultura y el Bicentenario,Santa Fe,San Cristobal,Ceres,Casa de la Historia y la Cultura del Bicentenario,Remedios de Escalada de San Martín y Sarmiento,,2340,,,educacionycultura@ceres.gob.ar,,-29.88312137,-61.94785385,Precisa,Programa de Casas del Bicentenario,Pública,,,300,500,no,no,2021
82070050,82,82070,Casas de la Cultura y el Bicentenario,Santa Fe,Las Colonias,Esperanza,Centro Cultural Municipal Dante Alighieri,Sarmiento 2551,,3080,,,culturaydeportes@esperanza.gov.ar,https://www.facebook.com/CulturayDeportesMunicipalidaddeEsperanza,-31.4447974,-60.9303618,Precisa,Programa de Casas del Bicentenario,Pública,,,703,210,no,si,2021
82021310,82,82021,Casas de la Cultura y el Bicentenario,Santa Fe,Castellanos,Rafaela,Cine Teatro Municipal Manuel Belgrano,Avenida Santa Fe 555,,2300,3492,422114,cinebelgrano@gmail.com,Facebook: Cine Teatro Municipal Manuel Belgrano Instagram: cinebelgrano.rafaela,-31.25243532,-61.4918128,Precisa,Programa de Casas del Bicentenario,Pública,,,980,0,no,si,2021
86007040,86,86007,Casas de la Cultura y el Bicentenario,Santiago del Estero,Aguirre,Pinto,Casa de la Historia y la Cultura del Bicentenario,Avenida Francisco de Aguirre y Avenida Aristóbulo Echegaray Frías ,,2356,,,,Facebook: Centro Cultural Pinto,-29.13799744,-62.65542502,Precisa,Programa de Casas del Bicentenario,Pública,,,500,2000,no,no,2021
90028030,90,90028,Casas de la Cultura y el Bicentenario,Tucumán,Famaillá,Famaillá,Casa de la Historia y la Cultura del Bicentenario,Ruta Provincial N°301 y Pasaje Candela,,4132,,,,Facebook: Municipalidad de Famaillá,-27.04824,-65.39317555,Precisa,Programa de Casas del Bicentenario,Pública,,,600,200,no,no,2021
14098100,14,14098,Casas de la Cultura y el Bicentenario,Córdoba,Río Cuarto,Coronel Moldes,Casa de la Historia y la Cultura Agustín Tosco,Vicente Vaggione 174,,5847,,,,,-33.62381343,-64.59664064,Precisa,Programa de Casas del Bicentenario,Pública,,,,,,,2021
86154030,86,86154,Casas de la Cultura y el Bicentenario,Santiago del Estero,Rivadavia,Selva,Casa de la Historia y la Cultura del Bicentenario,Avenida Hector Spinetto y Avenida Sebastian Ávalos,,2354,,,,,-29.76833225,-62.04378285,Precisa,Programa de Casas del Bicentenario,Pública,,,,,,,2021
22147020,22,22147,Casas de la Cultura y el Bicentenario,Chaco,San Lorenzo,Villa Berthet,Casa de la Historia y la Cultura de Villa Berthet,Belgrano y Güemes,,3545,,,,,-27.29446005,-60.41238692,Precisa,Programa de Casas del Bicentenario,Pública,,,,,,,2021
22091010,22,22091,Casas de la Cultura y el Bicentenario,Chaco,Tres Isletas,Maipú,Casa de la Historia y la Cultura del Bicentenario,Presidente Perón 375,,3703,,,,,-26.34096518,-60.43142988,Precisa,Programa de Casas del Bicentenario,Pública,,,,,,,2021